0,1,2,3,4
data,companyName,,,
data,companyLogo,,,
data,companyDescription,,,
data,companyType,,,
data,website,,,
data,classification,,,
data,corporate,,,
data,hqlocation,city,,
data,hqlocation,area,,
data,socialMediaHandles,webTrafficReporting,,
data,socialMediaHandles,socialMedia,facebookUrl,
data,socialMediaHandles,socialMedia,twitterUrl,
data,socialMediaHandles,socialMedia,instagramUrl,
data,socialMediaHandles,socialMedia,linkedUrl,
data,financeData,balanceSheet,year,
data,financeData,balanceSheet,assets,current
data,financeData,balanceSheet,assets,nonCurrent
data,financeData,balanceSheet,assets,total
data,financeData,balanceSheet,assets,type
data,financeData,balanceSheet,assets,description
data,financeData,balanceSheet,liabilities,current
data,financeData,balanceSheet,liabilities,nonCurrent
data,financeData,balanceSheet,liabilities,total
data,financeData,balanceSheet,liabilities,type
data,financeData,balanceSheet,liabilities,description
data,financeData,balanceSheet,equity,common
data,financeData,balanceSheet,equity,preferred
data,financeData,balanceSheet,equity,retainedEarning
data,financeData,balanceSheet,equity,total
data,financeData,incomeStatement,year,
data,financeData,incomeStatement,revenue,
data,financeData,incomeStatement,expenses,
data,financeData,incomeStatement,netIncome,
data,financeData,financialRatio,year,
data,financeData,financialRatio,liquidityRatio,
data,financeData,financialRatio,profitabilityRatio,
data,financeData,financialRatio,debtRatio,
data,financeData,financialRatio,equityRatio,
data,financeData,financialRatio,otherRatios,
data,financeData,cashflow,year,
data,financeData,stockPrice,stockExchangeName,
data,financeData,stockPrice,price,
data,financeData,stockPrice,year,
data,financeData,stockPrice,date,
data,financeData,stockPrice,open,
data,financeData,stockPrice,close,
data,financeData,stockPrice,highValue,
data,financeData,stockPrice,highPercentage,
data,financeData,stockPrice,low,
data,financeData,stockPrice,volume,
data,financeData,divident,date,
data,financeData,divident,amount,
data,financeData,divident,type,
data,intellectualProperty,patentFiledDate,,
data,intellectualProperty,patentTitle,,
data,intellectualProperty,patentNumber,,
data,intellectualProperty,abstract,,
data,intellectualProperty,description,,
data,workforce,contactCentreSeats,,
data,workforce,backOfficeSeats,,
data,workforce,outSourcingPartners,,
data,workforce,numberOfJobOpenings,,
data,workforce,numberOfEmployees,,
data,industryAwardEvents,title,,
data,industryAwardEvents,associatedWith,,
data,industryAwardEvents,sponsorship,,
data,industryAwardEvents,issueDate,,
data,industryAwardEvents,description,,
data,marketingSpendTechStack,marketing_spend,,
data,departments,departmentName,,
data,departments,totalexecutives,,
data,departments,budgetCycle,,
data,foundedOn,,,
data,contactNumber,,,
